layer,tokens,time_us
embedding,1,5.0018
embedding,2,5.0036
embedding,3,5.0054
embedding,4,5.0072
embedding,5,5.0090
embedding,6,5.0108
embedding,7,5.0125
embedding,8,5.0143
embedding,9,5.0161
embedding,10,5.0179
embedding,11,5.0197
embedding,12,5.0215
embedding,13,5.0233
embedding,14,5.0251
embedding,15,5.0269
embedding,16,5.0287
embedding,20,5.0358
embedding,24,5.0430
embedding,28,5.0502
embedding,32,5.0573
embedding,36,5.0645
embedding,40,5.0717
embedding,44,5.0788
embedding,48,5.0860
embedding,52,5.0932
embedding,56,5.1004
embedding,60,5.1075
embedding,64,5.1147
embedding,80,5.1434
embedding,96,5.1720
embedding,112,5.2007
embedding,128,5.2294
embedding,144,5.2580
embedding,160,5.2867
embedding,176,5.3154
embedding,192,5.3441
embedding,208,5.3727
embedding,224,5.4014
embedding,240,5.4301
embedding,256,5.4588
embedding,272,5.4874
embedding,288,5.5161
embedding,304,5.5448
embedding,320,5.5734
embedding,336,5.6021
embedding,352,5.6308
embedding,368,5.6595
embedding,384,5.6881
embedding,400,5.7168
embedding,416,5.7455
embedding,432,5.7741
embedding,448,5.8028
embedding,464,5.8315
embedding,480,5.8602
embedding,496,5.8888
embedding,512,5.9175
embedding,528,5.9462
embedding,544,5.9748
embedding,560,6.0035
embedding,576,6.0322
embedding,592,6.0609
embedding,608,6.0895
embedding,624,6.1182
embedding,640,6.1469
embedding,656,6.1756
embedding,672,6.2042
embedding,688,6.2329
embedding,704,6.2616
embedding,720,6.2902
embedding,736,6.3189
embedding,752,6.3476
embedding,768,6.3763
embedding,784,6.4049
embedding,800,6.4336
embedding,816,6.4623
embedding,832,6.4909
embedding,848,6.5196
embedding,864,6.5483
embedding,880,6.5770
embedding,896,6.6056
embedding,912,6.6343
embedding,928,6.6630
embedding,944,6.6916
embedding,960,6.7203
embedding,976,6.7490
embedding,992,6.7777
embedding,1008,6.8063
embedding,1024,6.8350
embedding,1040,6.8637
embedding,1056,6.8924
embedding,1072,6.9210
embedding,1088,6.9497
embedding,1104,6.9784
embedding,1120,7.0070
embedding,1136,7.0357
embedding,1152,7.0644
embedding,1168,7.0931
embedding,1184,7.1217
embedding,1200,7.1504
embedding,1216,7.1791
embedding,1232,7.2077
embedding,1248,7.2364
embedding,1264,7.2651
embedding,1280,7.2938
embedding,1296,7.3224
embedding,1312,7.3511
embedding,1328,7.3798
embedding,1344,7.4084
embedding,1360,7.4371
embedding,1376,7.4658
embedding,1392,7.4945
embedding,1408,7.5231
embedding,1424,7.5518
embedding,1440,7.5805
embedding,1456,7.6092
embedding,1472,7.6378
embedding,1488,7.6665
embedding,1504,7.6952
embedding,1520,7.7238
embedding,1536,7.7525
embedding,1552,7.7812
embedding,1568,7.8099
embedding,1584,7.8385
embedding,1600,7.8672
embedding,1616,7.8959
embedding,1632,7.9245
embedding,1648,7.9532
embedding,1664,7.9819
embedding,1680,8.0106
embedding,1696,8.0392
embedding,1712,8.0679
embedding,1728,8.0966
embedding,1744,8.1252
embedding,1760,8.1539
embedding,1776,8.1826
embedding,1792,8.2113
embedding,1808,8.2399
embedding,1824,8.2686
embedding,1840,8.2973
embedding,1856,8.3260
embedding,1872,8.3546
embedding,1888,8.3833
embedding,1904,8.4120
embedding,1920,8.4406
embedding,1936,8.4693
embedding,1952,8.4980
embedding,1968,8.5267
embedding,1984,8.5553
embedding,2000,8.5840
embedding,2016,8.6127
embedding,2032,8.6413
embedding,2048,8.6700
layernorm,1,5.0036
layernorm,2,5.0072
layernorm,3,5.0108
layernorm,4,5.0143
layernorm,5,5.0179
layernorm,6,5.0215
layernorm,7,5.0251
layernorm,8,5.0287
layernorm,9,5.0323
layernorm,10,5.0358
layernorm,11,5.0394
layernorm,12,5.0430
layernorm,13,5.0466
layernorm,14,5.0502
layernorm,15,5.0538
layernorm,16,5.0573
layernorm,20,5.0717
layernorm,24,5.0860
layernorm,28,5.1004
layernorm,32,5.1147
layernorm,36,5.1290
layernorm,40,5.1434
layernorm,44,5.1577
layernorm,48,5.1720
layernorm,52,5.1864
layernorm,56,5.2007
layernorm,60,5.2150
layernorm,64,5.2294
layernorm,80,5.2867
layernorm,96,5.3441
layernorm,112,5.4014
layernorm,128,5.4588
layernorm,144,5.5161
layernorm,160,5.5734
layernorm,176,5.6308
layernorm,192,5.6881
layernorm,208,5.7455
layernorm,224,5.8028
layernorm,240,5.8602
layernorm,256,5.9175
layernorm,272,5.9748
layernorm,288,6.0322
layernorm,304,6.0895
layernorm,320,6.1469
layernorm,336,6.2042
layernorm,352,6.2616
layernorm,368,6.3189
layernorm,384,6.3763
layernorm,400,6.4336
layernorm,416,6.4909
layernorm,432,6.5483
layernorm,448,6.6056
layernorm,464,6.6630
layernorm,480,6.7203
layernorm,496,6.7777
layernorm,512,6.8350
layernorm,528,6.8924
layernorm,544,6.9497
layernorm,560,7.0070
layernorm,576,7.0644
layernorm,592,7.1217
layernorm,608,7.1791
layernorm,624,7.2364
layernorm,640,7.2938
layernorm,656,7.3511
layernorm,672,7.4084
layernorm,688,7.4658
layernorm,704,7.5231
layernorm,720,7.5805
layernorm,736,7.6378
layernorm,752,7.6952
layernorm,768,7.7525
layernorm,784,7.8099
layernorm,800,7.8672
layernorm,816,7.9245
layernorm,832,7.9819
layernorm,848,8.0392
layernorm,864,8.0966
layernorm,880,8.1539
layernorm,896,8.2113
layernorm,912,8.2686
layernorm,928,8.3260
layernorm,944,8.3833
layernorm,960,8.4406
layernorm,976,8.4980
layernorm,992,8.5553
layernorm,1008,8.6127
layernorm,1024,8.6700
layernorm,1040,8.7274
layernorm,1056,8.7847
layernorm,1072,8.8420
layernorm,1088,8.8994
layernorm,1104,8.9567
layernorm,1120,9.0141
layernorm,1136,9.0714
layernorm,1152,9.1288
layernorm,1168,9.1861
layernorm,1184,9.2435
layernorm,1200,9.3008
layernorm,1216,9.3581
layernorm,1232,9.4155
layernorm,1248,9.4728
layernorm,1264,9.5302
layernorm,1280,9.5875
layernorm,1296,9.6449
layernorm,1312,9.7022
layernorm,1328,9.7596
layernorm,1344,9.8169
layernorm,1360,9.8742
layernorm,1376,9.9316
layernorm,1392,9.9889
layernorm,1408,10.0463
layernorm,1424,10.1036
layernorm,1440,10.1610
layernorm,1456,10.2183
layernorm,1472,10.2756
layernorm,1488,10.3330
layernorm,1504,10.3903
layernorm,1520,10.4477
layernorm,1536,10.5050
layernorm,1552,10.5624
layernorm,1568,10.6197
layernorm,1584,10.6771
layernorm,1600,10.7344
layernorm,1616,10.7917
layernorm,1632,10.8491
layernorm,1648,10.9064
layernorm,1664,10.9638
layernorm,1680,11.0211
layernorm,1696,11.0785
layernorm,1712,11.1358
layernorm,1728,11.1932
layernorm,1744,11.2505
layernorm,1760,11.3078
layernorm,1776,11.3652
layernorm,1792,11.4225
layernorm,1808,11.4799
layernorm,1824,11.5372
layernorm,1840,11.5946
layernorm,1856,11.6519
layernorm,1872,11.7092
layernorm,1888,11.7666
layernorm,1904,11.8239
layernorm,1920,11.8813
layernorm,1936,11.9386
layernorm,1952,11.9960
layernorm,1968,12.0533
layernorm,1984,12.1107
layernorm,2000,12.1680
layernorm,2016,12.2253
layernorm,2032,12.2827
layernorm,2048,12.3400
rotary_emb,1,5.0013
rotary_emb,2,5.0026
rotary_emb,3,5.0038
rotary_emb,4,5.0051
rotary_emb,5,5.0064
rotary_emb,6,5.0077
rotary_emb,7,5.0090
rotary_emb,8,5.0102
rotary_emb,9,5.0115
rotary_emb,10,5.0128
rotary_emb,11,5.0141
rotary_emb,12,5.0154
rotary_emb,13,5.0166
rotary_emb,14,5.0179
rotary_emb,15,5.0192
rotary_emb,16,5.0205
rotary_emb,20,5.0256
rotary_emb,24,5.0307
rotary_emb,28,5.0358
rotary_emb,32,5.0410
rotary_emb,36,5.0461
rotary_emb,40,5.0512
rotary_emb,44,5.0563
rotary_emb,48,5.0614
rotary_emb,52,5.0666
rotary_emb,56,5.0717
rotary_emb,60,5.0768
rotary_emb,64,5.0819
rotary_emb,80,5.1024
rotary_emb,96,5.1229
rotary_emb,112,5.1434
rotary_emb,128,5.1638
rotary_emb,144,5.1843
rotary_emb,160,5.2048
rotary_emb,176,5.2253
rotary_emb,192,5.2458
rotary_emb,208,5.2662
rotary_emb,224,5.2867
rotary_emb,240,5.3072
rotary_emb,256,5.3277
rotary_emb,272,5.3482
rotary_emb,288,5.3686
rotary_emb,304,5.3891
rotary_emb,320,5.4096
rotary_emb,336,5.4301
rotary_emb,352,5.4506
rotary_emb,368,5.4710
rotary_emb,384,5.4915
rotary_emb,400,5.5120
rotary_emb,416,5.5325
rotary_emb,432,5.5530
rotary_emb,448,5.5734
rotary_emb,464,5.5939
rotary_emb,480,5.6144
rotary_emb,496,5.6349
rotary_emb,512,5.6554
rotary_emb,528,5.6758
rotary_emb,544,5.6963
rotary_emb,560,5.7168
rotary_emb,576,5.7373
rotary_emb,592,5.7578
rotary_emb,608,5.7782
rotary_emb,624,5.7987
rotary_emb,640,5.8192
rotary_emb,656,5.8397
rotary_emb,672,5.8602
rotary_emb,688,5.8806
rotary_emb,704,5.9011
rotary_emb,720,5.9216
rotary_emb,736,5.9421
rotary_emb,752,5.9626
rotary_emb,768,5.9830
rotary_emb,784,6.0035
rotary_emb,800,6.0240
rotary_emb,816,6.0445
rotary_emb,832,6.0650
rotary_emb,848,6.0854
rotary_emb,864,6.1059
rotary_emb,880,6.1264
rotary_emb,896,6.1469
rotary_emb,912,6.1674
rotary_emb,928,6.1878
rotary_emb,944,6.2083
rotary_emb,960,6.2288
rotary_emb,976,6.2493
rotary_emb,992,6.2698
rotary_emb,1008,6.2902
rotary_emb,1024,6.3107
rotary_emb,1040,6.3312
rotary_emb,1056,6.3517
rotary_emb,1072,6.3722
rotary_emb,1088,6.3926
rotary_emb,1104,6.4131
rotary_emb,1120,6.4336
rotary_emb,1136,6.4541
rotary_emb,1152,6.4746
rotary_emb,1168,6.4950
rotary_emb,1184,6.5155
rotary_emb,1200,6.5360
rotary_emb,1216,6.5565
rotary_emb,1232,6.5770
rotary_emb,1248,6.5974
rotary_emb,1264,6.6179
rotary_emb,1280,6.6384
rotary_emb,1296,6.6589
rotary_emb,1312,6.6794
rotary_emb,1328,6.6998
rotary_emb,1344,6.7203
rotary_emb,1360,6.7408
rotary_emb,1376,6.7613
rotary_emb,1392,6.7818
rotary_emb,1408,6.8022
rotary_emb,1424,6.8227
rotary_emb,1440,6.8432
rotary_emb,1456,6.8637
rotary_emb,1472,6.8842
rotary_emb,1488,6.9046
rotary_emb,1504,6.9251
rotary_emb,1520,6.9456
rotary_emb,1536,6.9661
rotary_emb,1552,6.9866
rotary_emb,1568,7.0070
rotary_emb,1584,7.0275
rotary_emb,1600,7.0480
rotary_emb,1616,7.0685
rotary_emb,1632,7.0890
rotary_emb,1648,7.1094
rotary_emb,1664,7.1299
rotary_emb,1680,7.1504
rotary_emb,1696,7.1709
rotary_emb,1712,7.1914
rotary_emb,1728,7.2118
rotary_emb,1744,7.2323
rotary_emb,1760,7.2528
rotary_emb,1776,7.2733
rotary_emb,1792,7.2938
rotary_emb,1808,7.3142
rotary_emb,1824,7.3347
rotary_emb,1840,7.3552
rotary_emb,1856,7.3757
rotary_emb,1872,7.3962
rotary_emb,1888,7.4166
rotary_emb,1904,7.4371
rotary_emb,1920,7.4576
rotary_emb,1936,7.4781
rotary_emb,1952,7.4986
rotary_emb,1968,7.5190
rotary_emb,1984,7.5395
rotary_emb,2000,7.5600
rotary_emb,2016,7.5805
rotary_emb,2032,7.6010
rotary_emb,2048,7.6214
o_proj,1,6.8371
o_proj,2,6.8391
o_proj,3,6.8412
o_proj,4,6.8432
o_proj,5,6.8452
o_proj,6,6.8473
o_proj,7,6.8493
o_proj,8,6.8514
o_proj,9,6.8534
o_proj,10,6.8555
o_proj,11,6.8575
o_proj,12,6.8596
o_proj,13,6.8616
o_proj,14,6.8637
o_proj,15,6.8657
o_proj,16,6.8678
o_proj,20,6.8760
o_proj,24,6.8842
o_proj,28,6.8924
o_proj,32,6.9005
o_proj,36,6.9087
o_proj,40,6.9169
o_proj,44,6.9251
o_proj,48,6.9333
o_proj,52,6.9415
o_proj,56,6.9497
o_proj,60,6.9579
o_proj,64,6.9661
o_proj,80,6.9988
o_proj,96,7.0316
o_proj,112,7.0644
o_proj,128,7.0972
o_proj,144,7.1299
o_proj,160,7.1627
o_proj,176,7.1955
o_proj,192,7.2282
o_proj,208,7.2610
o_proj,224,7.2938
o_proj,240,7.3265
o_proj,256,7.3861
o_proj,272,7.5352
o_proj,288,7.6844
o_proj,304,7.8335
o_proj,320,7.9826
o_proj,336,8.1317
o_proj,352,8.2809
o_proj,368,8.4300
o_proj,384,8.5791
o_proj,400,8.7283
o_proj,416,8.8774
o_proj,432,9.0265
o_proj,448,9.1757
o_proj,464,9.3248
o_proj,480,9.4739
o_proj,496,9.6231
o_proj,512,9.7722
o_proj,528,9.9213
o_proj,544,10.0704
o_proj,560,10.2196
o_proj,576,10.3687
o_proj,592,10.5178
o_proj,608,10.6670
o_proj,624,10.8161
o_proj,640,10.9652
o_proj,656,11.1144
o_proj,672,11.2635
o_proj,688,11.4126
o_proj,704,11.5618
o_proj,720,11.7109
o_proj,736,11.8600
o_proj,752,12.0091
o_proj,768,12.1583
o_proj,784,12.3074
o_proj,800,12.4565
o_proj,816,12.6057
o_proj,832,12.7548
o_proj,848,12.9039
o_proj,864,13.0531
o_proj,880,13.2022
o_proj,896,13.3513
o_proj,912,13.5005
o_proj,928,13.6496
o_proj,944,13.7987
o_proj,960,13.9478
o_proj,976,14.0970
o_proj,992,14.2461
o_proj,1008,14.3952
o_proj,1024,14.5444
o_proj,1040,14.6935
o_proj,1056,14.8426
o_proj,1072,14.9918
o_proj,1088,15.1409
o_proj,1104,15.2900
o_proj,1120,15.4392
o_proj,1136,15.5883
o_proj,1152,15.7374
o_proj,1168,15.8865
o_proj,1184,16.0357
o_proj,1200,16.1848
o_proj,1216,16.3339
o_proj,1232,16.4831
o_proj,1248,16.6322
o_proj,1264,16.7813
o_proj,1280,16.9305
o_proj,1296,17.0796
o_proj,1312,17.2287
o_proj,1328,17.3779
o_proj,1344,17.5270
o_proj,1360,17.6761
o_proj,1376,17.8252
o_proj,1392,17.9744
o_proj,1408,18.1235
o_proj,1424,18.2726
o_proj,1440,18.4218
o_proj,1456,18.5709
o_proj,1472,18.7200
o_proj,1488,18.8692
o_proj,1504,19.0183
o_proj,1520,19.1674
o_proj,1536,19.3166
o_proj,1552,19.4657
o_proj,1568,19.6148
o_proj,1584,19.7640
o_proj,1600,19.9131
o_proj,1616,20.0622
o_proj,1632,20.2113
o_proj,1648,20.3605
o_proj,1664,20.5096
o_proj,1680,20.6587
o_proj,1696,20.8079
o_proj,1712,20.9570
o_proj,1728,21.1061
o_proj,1744,21.2553
o_proj,1760,21.4044
o_proj,1776,21.5535
o_proj,1792,21.7027
o_proj,1808,21.8518
o_proj,1824,22.0009
o_proj,1840,22.1500
o_proj,1856,22.2992
o_proj,1872,22.4483
o_proj,1888,22.5974
o_proj,1904,22.7466
o_proj,1920,22.8957
o_proj,1936,23.0448
o_proj,1952,23.1940
o_proj,1968,23.3431
o_proj,1984,23.4922
o_proj,2000,23.6414
o_proj,2016,23.7905
o_proj,2032,23.9396
o_proj,2048,24.0887
final_layernorm,1,5.0036
final_layernorm,2,5.0072
final_layernorm,3,5.0108
final_layernorm,4,5.0143
final_layernorm,5,5.0179
final_layernorm,6,5.0215
final_layernorm,7,5.0251
final_layernorm,8,5.0287
final_layernorm,9,5.0323
final_layernorm,10,5.0358
final_layernorm,11,5.0394
final_layernorm,12,5.0430
final_layernorm,13,5.0466
final_layernorm,14,5.0502
final_layernorm,15,5.0538
final_layernorm,16,5.0573
final_layernorm,20,5.0717
final_layernorm,24,5.0860
final_layernorm,28,5.1004
final_layernorm,32,5.1147
final_layernorm,36,5.1290
final_layernorm,40,5.1434
final_layernorm,44,5.1577
final_layernorm,48,5.1720
final_layernorm,52,5.1864
final_layernorm,56,5.2007
final_layernorm,60,5.2150
final_layernorm,64,5.2294
final_layernorm,80,5.2867
final_layernorm,96,5.3441
final_layernorm,112,5.4014
final_layernorm,128,5.4588
final_layernorm,144,5.5161
final_layernorm,160,5.5734
final_layernorm,176,5.6308
final_layernorm,192,5.6881
final_layernorm,208,5.7455
final_layernorm,224,5.8028
final_layernorm,240,5.8602
final_layernorm,256,5.9175
final_layernorm,272,5.9748
final_layernorm,288,6.0322
final_layernorm,304,6.0895
final_layernorm,320,6.1469
final_layernorm,336,6.2042
final_layernorm,352,6.2616
final_layernorm,368,6.3189
final_layernorm,384,6.3763
final_layernorm,400,6.4336
final_layernorm,416,6.4909
final_layernorm,432,6.5483
final_layernorm,448,6.6056
final_layernorm,464,6.6630
final_layernorm,480,6.7203
final_layernorm,496,6.7777
final_layernorm,512,6.8350
final_layernorm,528,6.8924
final_layernorm,544,6.9497
final_layernorm,560,7.0070
final_layernorm,576,7.0644
final_layernorm,592,7.1217
final_layernorm,608,7.1791
final_layernorm,624,7.2364
final_layernorm,640,7.2938
final_layernorm,656,7.3511
final_layernorm,672,7.4084
final_layernorm,688,7.4658
final_layernorm,704,7.5231
final_layernorm,720,7.5805
final_layernorm,736,7.6378
final_layernorm,752,7.6952
final_layernorm,768,7.7525
final_layernorm,784,7.8099
final_layernorm,800,7.8672
final_layernorm,816,7.9245
final_layernorm,832,7.9819
final_layernorm,848,8.0392
final_layernorm,864,8.0966
final_layernorm,880,8.1539
final_layernorm,896,8.2113
final_layernorm,912,8.2686
final_layernorm,928,8.3260
final_layernorm,944,8.3833
final_layernorm,960,8.4406
final_layernorm,976,8.4980
final_layernorm,992,8.5553
final_layernorm,1008,8.6127
final_layernorm,1024,8.6700
final_layernorm,1040,8.7274
final_layernorm,1056,8.7847
final_layernorm,1072,8.8420
final_layernorm,1088,8.8994
final_layernorm,1104,8.9567
final_layernorm,1120,9.0141
final_layernorm,1136,9.0714
final_layernorm,1152,9.1288
final_layernorm,1168,9.1861
final_layernorm,1184,9.2435
final_layernorm,1200,9.3008
final_layernorm,1216,9.3581
final_layernorm,1232,9.4155
final_layernorm,1248,9.4728
final_layernorm,1264,9.5302
final_layernorm,1280,9.5875
final_layernorm,1296,9.6449
final_layernorm,1312,9.7022
final_layernorm,1328,9.7596
final_layernorm,1344,9.8169
final_layernorm,1360,9.8742
final_layernorm,1376,9.9316
final_layernorm,1392,9.9889
final_layernorm,1408,10.0463
final_layernorm,1424,10.1036
final_layernorm,1440,10.1610
final_layernorm,1456,10.2183
final_layernorm,1472,10.2756
final_layernorm,1488,10.3330
final_layernorm,1504,10.3903
final_layernorm,1520,10.4477
final_layernorm,1536,10.5050
final_layernorm,1552,10.5624
final_layernorm,1568,10.6197
final_layernorm,1584,10.6771
final_layernorm,1600,10.7344
final_layernorm,1616,10.7917
final_layernorm,1632,10.8491
final_layernorm,1648,10.9064
final_layernorm,1664,10.9638
final_layernorm,1680,11.0211
final_layernorm,1696,11.0785
final_layernorm,1712,11.1358
final_layernorm,1728,11.1932
final_layernorm,1744,11.2505
final_layernorm,1760,11.3078
final_layernorm,1776,11.3652
final_layernorm,1792,11.4225
final_layernorm,1808,11.4799
final_layernorm,1824,11.5372
final_layernorm,1840,11.5946
final_layernorm,1856,11.6519
final_layernorm,1872,11.7092
final_layernorm,1888,11.7666
final_layernorm,1904,11.8239
final_layernorm,1920,11.8813
final_layernorm,1936,11.9386
final_layernorm,1952,11.9960
final_layernorm,1968,12.0533
final_layernorm,1984,12.1107
final_layernorm,2000,12.1680
final_layernorm,2016,12.2253
final_layernorm,2032,12.2827
final_layernorm,2048,12.3400
q_a_proj,1,7.7547
q_a_proj,2,7.7569
q_a_proj,3,7.7590
q_a_proj,4,7.7612
q_a_proj,5,7.7634
q_a_proj,6,7.7656
q_a_proj,7,7.7677
q_a_proj,8,7.7699
q_a_proj,9,7.7721
q_a_proj,10,7.7743
q_a_proj,11,7.7764
q_a_proj,12,7.7786
q_a_proj,13,7.7808
q_a_proj,14,7.7830
q_a_proj,15,7.7852
q_a_proj,16,7.7873
q_a_proj,20,7.7960
q_a_proj,24,7.8047
q_a_proj,28,7.8134
q_a_proj,32,7.8221
q_a_proj,36,7.8308
q_a_proj,40,7.8396
q_a_proj,44,7.8483
q_a_proj,48,7.8570
q_a_proj,52,7.8657
q_a_proj,56,7.8744
q_a_proj,60,7.8831
q_a_proj,64,7.8918
q_a_proj,80,7.9266
q_a_proj,96,7.9614
q_a_proj,112,7.9962
q_a_proj,128,8.0310
q_a_proj,144,8.0659
q_a_proj,160,8.1007
q_a_proj,176,8.1355
q_a_proj,192,8.1703
q_a_proj,208,8.2051
q_a_proj,224,8.2399
q_a_proj,240,8.3554
q_a_proj,256,8.5791
q_a_proj,272,8.8028
q_a_proj,288,9.0265
q_a_proj,304,9.2502
q_a_proj,320,9.4739
q_a_proj,336,9.6976
q_a_proj,352,9.9213
q_a_proj,368,10.1450
q_a_proj,384,10.3687
q_a_proj,400,10.5924
q_a_proj,416,10.8161
q_a_proj,432,11.0398
q_a_proj,448,11.2635
q_a_proj,464,11.4872
q_a_proj,480,11.7109
q_a_proj,496,11.9346
q_a_proj,512,12.1583
q_a_proj,528,12.3820
q_a_proj,544,12.6057
q_a_proj,560,12.8294
q_a_proj,576,13.0531
q_a_proj,592,13.2768
q_a_proj,608,13.5005
q_a_proj,624,13.7242
q_a_proj,640,13.9478
q_a_proj,656,14.1715
q_a_proj,672,14.3952
q_a_proj,688,14.6189
q_a_proj,704,14.8426
q_a_proj,720,15.0663
q_a_proj,736,15.2900
q_a_proj,752,15.5137
q_a_proj,768,15.7374
q_a_proj,784,15.9611
q_a_proj,800,16.1848
q_a_proj,816,16.4085
q_a_proj,832,16.6322
q_a_proj,848,16.8559
q_a_proj,864,17.0796
q_a_proj,880,17.3033
q_a_proj,896,17.5270
q_a_proj,912,17.7507
q_a_proj,928,17.9744
q_a_proj,944,18.1981
q_a_proj,960,18.4218
q_a_proj,976,18.6455
q_a_proj,992,18.8692
q_a_proj,1008,19.0929
q_a_proj,1024,19.3166
q_a_proj,1040,19.5403
q_a_proj,1056,19.7640
q_a_proj,1072,19.9876
q_a_proj,1088,20.2113
q_a_proj,1104,20.4350
q_a_proj,1120,20.6587
q_a_proj,1136,20.8824
q_a_proj,1152,21.1061
q_a_proj,1168,21.3298
q_a_proj,1184,21.5535
q_a_proj,1200,21.7772
q_a_proj,1216,22.0009
q_a_proj,1232,22.2246
q_a_proj,1248,22.4483
q_a_proj,1264,22.6720
q_a_proj,1280,22.8957
q_a_proj,1296,23.1194
q_a_proj,1312,23.3431
q_a_proj,1328,23.5668
q_a_proj,1344,23.7905
q_a_proj,1360,24.0142
q_a_proj,1376,24.2379
q_a_proj,1392,24.4616
q_a_proj,1408,24.6853
q_a_proj,1424,24.9090
q_a_proj,1440,25.1327
q_a_proj,1456,25.3564
q_a_proj,1472,25.5801
q_a_proj,1488,25.8037
q_a_proj,1504,26.0274
q_a_proj,1520,26.2511
q_a_proj,1536,26.4748
q_a_proj,1552,26.6985
q_a_proj,1568,26.9222
q_a_proj,1584,27.1459
q_a_proj,1600,27.3696
q_a_proj,1616,27.5933
q_a_proj,1632,27.8170
q_a_proj,1648,28.0407
q_a_proj,1664,28.2644
q_a_proj,1680,28.4881
q_a_proj,1696,28.7118
q_a_proj,1712,28.9355
q_a_proj,1728,29.1592
q_a_proj,1744,29.3829
q_a_proj,1760,29.6066
q_a_proj,1776,29.8303
q_a_proj,1792,30.0540
q_a_proj,1808,30.2777
q_a_proj,1824,30.5014
q_a_proj,1840,30.7251
q_a_proj,1856,30.9488
q_a_proj,1872,31.1725
q_a_proj,1888,31.3962
q_a_proj,1904,31.6198
q_a_proj,1920,31.8435
q_a_proj,1936,32.0672
q_a_proj,1952,32.2909
q_a_proj,1968,32.5146
q_a_proj,1984,32.7383
q_a_proj,2000,32.9620
q_a_proj,2016,33.1857
q_a_proj,2032,33.4094
q_a_proj,2048,33.6331
q_a_layernorm,1,5.0008
q_a_layernorm,2,5.0015
q_a_layernorm,3,5.0023
q_a_layernorm,4,5.0031
q_a_layernorm,5,5.0038
q_a_layernorm,6,5.0046
q_a_layernorm,7,5.0054
q_a_layernorm,8,5.0061
q_a_layernorm,9,5.0069
q_a_layernorm,10,5.0077
q_a_layernorm,11,5.0084
q_a_layernorm,12,5.0092
q_a_layernorm,13,5.0100
q_a_layernorm,14,5.0108
q_a_layernorm,15,5.0115
q_a_layernorm,16,5.0123
q_a_layernorm,20,5.0154
q_a_layernorm,24,5.0184
q_a_layernorm,28,5.0215
q_a_layernorm,32,5.0246
q_a_layernorm,36,5.0276
q_a_layernorm,40,5.0307
q_a_layernorm,44,5.0338
q_a_layernorm,48,5.0369
q_a_layernorm,52,5.0399
q_a_layernorm,56,5.0430
q_a_layernorm,60,5.0461
q_a_layernorm,64,5.0492
q_a_layernorm,80,5.0614
q_a_layernorm,96,5.0737
q_a_layernorm,112,5.0860
q_a_layernorm,128,5.0983
q_a_layernorm,144,5.1106
q_a_layernorm,160,5.1229
q_a_layernorm,176,5.1352
q_a_layernorm,192,5.1475
q_a_layernorm,208,5.1597
q_a_layernorm,224,5.1720
q_a_layernorm,240,5.1843
q_a_layernorm,256,5.1966
q_a_layernorm,272,5.2089
q_a_layernorm,288,5.2212
q_a_layernorm,304,5.2335
q_a_layernorm,320,5.2458
q_a_layernorm,336,5.2580
q_a_layernorm,352,5.2703
q_a_layernorm,368,5.2826
q_a_layernorm,384,5.2949
q_a_layernorm,400,5.3072
q_a_layernorm,416,5.3195
q_a_layernorm,432,5.3318
q_a_layernorm,448,5.3441
q_a_layernorm,464,5.3564
q_a_layernorm,480,5.3686
q_a_layernorm,496,5.3809
q_a_layernorm,512,5.3932
q_a_layernorm,528,5.4055
q_a_layernorm,544,5.4178
q_a_layernorm,560,5.4301
q_a_layernorm,576,5.4424
q_a_layernorm,592,5.4547
q_a_layernorm,608,5.4669
q_a_layernorm,624,5.4792
q_a_layernorm,640,5.4915
q_a_layernorm,656,5.5038
q_a_layernorm,672,5.5161
q_a_layernorm,688,5.5284
q_a_layernorm,704,5.5407
q_a_layernorm,720,5.5530
q_a_layernorm,736,5.5652
q_a_layernorm,752,5.5775
q_a_layernorm,768,5.5898
q_a_layernorm,784,5.6021
q_a_layernorm,800,5.6144
q_a_layernorm,816,5.6267
q_a_layernorm,832,5.6390
q_a_layernorm,848,5.6513
q_a_layernorm,864,5.6636
q_a_layernorm,880,5.6758
q_a_layernorm,896,5.6881
q_a_layernorm,912,5.7004
q_a_layernorm,928,5.7127
q_a_layernorm,944,5.7250
q_a_layernorm,960,5.7373
q_a_layernorm,976,5.7496
q_a_layernorm,992,5.7619
q_a_layernorm,1008,5.7741
q_a_layernorm,1024,5.7864
q_a_layernorm,1040,5.7987
q_a_layernorm,1056,5.8110
q_a_layernorm,1072,5.8233
q_a_layernorm,1088,5.8356
q_a_layernorm,1104,5.8479
q_a_layernorm,1120,5.8602
q_a_layernorm,1136,5.8724
q_a_layernorm,1152,5.8847
q_a_layernorm,1168,5.8970
q_a_layernorm,1184,5.9093
q_a_layernorm,1200,5.9216
q_a_layernorm,1216,5.9339
q_a_layernorm,1232,5.9462
q_a_layernorm,1248,5.9585
q_a_layernorm,1264,5.9708
q_a_layernorm,1280,5.9830
q_a_layernorm,1296,5.9953
q_a_layernorm,1312,6.0076
q_a_layernorm,1328,6.0199
q_a_layernorm,1344,6.0322
q_a_layernorm,1360,6.0445
q_a_layernorm,1376,6.0568
q_a_layernorm,1392,6.0691
q_a_layernorm,1408,6.0813
q_a_layernorm,1424,6.0936
q_a_layernorm,1440,6.1059
q_a_layernorm,1456,6.1182
q_a_layernorm,1472,6.1305
q_a_layernorm,1488,6.1428
q_a_layernorm,1504,6.1551
q_a_layernorm,1520,6.1674
q_a_layernorm,1536,6.1796
q_a_layernorm,1552,6.1919
q_a_layernorm,1568,6.2042
q_a_layernorm,1584,6.2165
q_a_layernorm,1600,6.2288
q_a_layernorm,1616,6.2411
q_a_layernorm,1632,6.2534
q_a_layernorm,1648,6.2657
q_a_layernorm,1664,6.2780
q_a_layernorm,1680,6.2902
q_a_layernorm,1696,6.3025
q_a_layernorm,1712,6.3148
q_a_layernorm,1728,6.3271
q_a_layernorm,1744,6.3394
q_a_layernorm,1760,6.3517
q_a_layernorm,1776,6.3640
q_a_layernorm,1792,6.3763
q_a_layernorm,1808,6.3885
q_a_layernorm,1824,6.4008
q_a_layernorm,1840,6.4131
q_a_layernorm,1856,6.4254
q_a_layernorm,1872,6.4377
q_a_layernorm,1888,6.4500
q_a_layernorm,1904,6.4623
q_a_layernorm,1920,6.4746
q_a_layernorm,1936,6.4868
q_a_layernorm,1952,6.4991
q_a_layernorm,1968,6.5114
q_a_layernorm,1984,6.5237
q_a_layernorm,2000,6.5360
q_a_layernorm,2016,6.5483
q_a_layernorm,2032,6.5606
q_a_layernorm,2048,6.5729
q_b_proj,1,5.5906
q_b_proj,2,5.5914
q_b_proj,3,5.5921
q_b_proj,4,5.5929
q_b_proj,5,5.5937
q_b_proj,6,5.5944
q_b_proj,7,5.5952
q_b_proj,8,5.5960
q_b_proj,9,5.5967
q_b_proj,10,5.5975
q_b_proj,11,5.5983
q_b_proj,12,5.5990
q_b_proj,13,5.5998
q_b_proj,14,5.6006
q_b_proj,15,5.6013
q_b_proj,16,5.6021
q_b_proj,20,5.6052
q_b_proj,24,5.6083
q_b_proj,28,5.6113
q_b_proj,32,5.6144
q_b_proj,36,5.6175
q_b_proj,40,5.6205
q_b_proj,44,5.6236
q_b_proj,48,5.6267
q_b_proj,52,5.6298
q_b_proj,56,5.6328
q_b_proj,60,5.6359
q_b_proj,64,5.6390
q_b_proj,80,5.6513
q_b_proj,96,5.6636
q_b_proj,112,5.6758
q_b_proj,128,5.6881
q_b_proj,144,5.7004
q_b_proj,160,5.7127
q_b_proj,176,5.7250
q_b_proj,192,5.7373
q_b_proj,208,5.7496
q_b_proj,224,5.7619
q_b_proj,240,5.7741
q_b_proj,256,5.7864
q_b_proj,272,5.8149
q_b_proj,288,5.8628
q_b_proj,304,5.9108
q_b_proj,320,5.9587
q_b_proj,336,6.0066
q_b_proj,352,6.0546
q_b_proj,368,6.1025
q_b_proj,384,6.1504
q_b_proj,400,6.1984
q_b_proj,416,6.2463
q_b_proj,432,6.2942
q_b_proj,448,6.3422
q_b_proj,464,6.3901
q_b_proj,480,6.4380
q_b_proj,496,6.4860
q_b_proj,512,6.5339
q_b_proj,528,6.5819
q_b_proj,544,6.6298
q_b_proj,560,6.6777
q_b_proj,576,6.7257
q_b_proj,592,6.7736
q_b_proj,608,6.8215
q_b_proj,624,6.8695
q_b_proj,640,6.9174
q_b_proj,656,6.9653
q_b_proj,672,7.0133
q_b_proj,688,7.0612
q_b_proj,704,7.1091
q_b_proj,720,7.1571
q_b_proj,736,7.2050
q_b_proj,752,7.2529
q_b_proj,768,7.3009
q_b_proj,784,7.3488
q_b_proj,800,7.3967
q_b_proj,816,7.4447
q_b_proj,832,7.4926
q_b_proj,848,7.5405
q_b_proj,864,7.5885
q_b_proj,880,7.6364
q_b_proj,896,7.6844
q_b_proj,912,7.7323
q_b_proj,928,7.7802
q_b_proj,944,7.8282
q_b_proj,960,7.8761
q_b_proj,976,7.9240
q_b_proj,992,7.9720
q_b_proj,1008,8.0199
q_b_proj,1024,8.0678
q_b_proj,1040,8.1158
q_b_proj,1056,8.1637
q_b_proj,1072,8.2116
q_b_proj,1088,8.2596
q_b_proj,1104,8.3075
q_b_proj,1120,8.3554
q_b_proj,1136,8.4034
q_b_proj,1152,8.4513
q_b_proj,1168,8.4992
q_b_proj,1184,8.5472
q_b_proj,1200,8.5951
q_b_proj,1216,8.6431
q_b_proj,1232,8.6910
q_b_proj,1248,8.7389
q_b_proj,1264,8.7869
q_b_proj,1280,8.8348
q_b_proj,1296,8.8827
q_b_proj,1312,8.9307
q_b_proj,1328,8.9786
q_b_proj,1344,9.0265
q_b_proj,1360,9.0745
q_b_proj,1376,9.1224
q_b_proj,1392,9.1703
q_b_proj,1408,9.2183
q_b_proj,1424,9.2662
q_b_proj,1440,9.3141
q_b_proj,1456,9.3621
q_b_proj,1472,9.4100
q_b_proj,1488,9.4579
q_b_proj,1504,9.5059
q_b_proj,1520,9.5538
q_b_proj,1536,9.6018
q_b_proj,1552,9.6497
q_b_proj,1568,9.6976
q_b_proj,1584,9.7456
q_b_proj,1600,9.7935
q_b_proj,1616,9.8414
q_b_proj,1632,9.8894
q_b_proj,1648,9.9373
q_b_proj,1664,9.9852
q_b_proj,1680,10.0332
q_b_proj,1696,10.0811
q_b_proj,1712,10.1290
q_b_proj,1728,10.1770
q_b_proj,1744,10.2249
q_b_proj,1760,10.2728
q_b_proj,1776,10.3208
q_b_proj,1792,10.3687
q_b_proj,1808,10.4166
q_b_proj,1824,10.4646
q_b_proj,1840,10.5125
q_b_proj,1856,10.5604
q_b_proj,1872,10.6084
q_b_proj,1888,10.6563
q_b_proj,1904,10.7043
q_b_proj,1920,10.7522
q_b_proj,1936,10.8001
q_b_proj,1952,10.8481
q_b_proj,1968,10.8960
q_b_proj,1984,10.9439
q_b_proj,2000,10.9919
q_b_proj,2016,11.0398
q_b_proj,2032,11.0877
q_b_proj,2048,11.1357
kv_a_proj_with_mqa,1,6.0341
kv_a_proj_with_mqa,2,6.0361
kv_a_proj_with_mqa,3,6.0380
kv_a_proj_with_mqa,4,6.0399
kv_a_proj_with_mqa,5,6.0419
kv_a_proj_with_mqa,6,6.0438
kv_a_proj_with_mqa,7,6.0457
kv_a_proj_with_mqa,8,6.0477
kv_a_proj_with_mqa,9,6.0496
kv_a_proj_with_mqa,10,6.0516
kv_a_proj_with_mqa,11,6.0535
kv_a_proj_with_mqa,12,6.0554
kv_a_proj_with_mqa,13,6.0574
kv_a_proj_with_mqa,14,6.0593
kv_a_proj_with_mqa,15,6.0612
kv_a_proj_with_mqa,16,6.0632
kv_a_proj_with_mqa,20,6.0709
kv_a_proj_with_mqa,24,6.0787
kv_a_proj_with_mqa,28,6.0864
kv_a_proj_with_mqa,32,6.0941
kv_a_proj_with_mqa,36,6.1019
kv_a_proj_with_mqa,40,6.1096
kv_a_proj_with_mqa,44,6.1174
kv_a_proj_with_mqa,48,6.1251
kv_a_proj_with_mqa,52,6.1329
kv_a_proj_with_mqa,56,6.1406
kv_a_proj_with_mqa,60,6.1484
kv_a_proj_with_mqa,64,6.1561
kv_a_proj_with_mqa,80,6.1871
kv_a_proj_with_mqa,96,6.2180
kv_a_proj_with_mqa,112,6.2490
kv_a_proj_with_mqa,128,6.2800
kv_a_proj_with_mqa,144,6.3110
kv_a_proj_with_mqa,160,6.3420
kv_a_proj_with_mqa,176,6.3729
kv_a_proj_with_mqa,192,6.4039
kv_a_proj_with_mqa,208,6.4349
kv_a_proj_with_mqa,224,6.4659
kv_a_proj_with_mqa,240,6.4968
kv_a_proj_with_mqa,256,6.5278
kv_a_proj_with_mqa,272,6.5588
kv_a_proj_with_mqa,288,6.5898
kv_a_proj_with_mqa,304,6.6207
kv_a_proj_with_mqa,320,6.6777
kv_a_proj_with_mqa,336,6.7616
kv_a_proj_with_mqa,352,6.8455
kv_a_proj_with_mqa,368,6.9294
kv_a_proj_with_mqa,384,7.0133
kv_a_proj_with_mqa,400,7.0972
kv_a_proj_with_mqa,416,7.1810
kv_a_proj_with_mqa,432,7.2649
kv_a_proj_with_mqa,448,7.3488
kv_a_proj_with_mqa,464,7.4327
kv_a_proj_with_mqa,480,7.5166
kv_a_proj_with_mqa,496,7.6005
kv_a_proj_with_mqa,512,7.6844
kv_a_proj_with_mqa,528,7.7682
kv_a_proj_with_mqa,544,7.8521
kv_a_proj_with_mqa,560,7.9360
kv_a_proj_with_mqa,576,8.0199
kv_a_proj_with_mqa,592,8.1038
kv_a_proj_with_mqa,608,8.1877
kv_a_proj_with_mqa,624,8.2716
kv_a_proj_with_mqa,640,8.3554
kv_a_proj_with_mqa,656,8.4393
kv_a_proj_with_mqa,672,8.5232
kv_a_proj_with_mqa,688,8.6071
kv_a_proj_with_mqa,704,8.6910
kv_a_proj_with_mqa,720,8.7749
kv_a_proj_with_mqa,736,8.8588
kv_a_proj_with_mqa,752,8.9426
kv_a_proj_with_mqa,768,9.0265
kv_a_proj_with_mqa,784,9.1104
kv_a_proj_with_mqa,800,9.1943
kv_a_proj_with_mqa,816,9.2782
kv_a_proj_with_mqa,832,9.3621
kv_a_proj_with_mqa,848,9.4460
kv_a_proj_with_mqa,864,9.5298
kv_a_proj_with_mqa,880,9.6137
kv_a_proj_with_mqa,896,9.6976
kv_a_proj_with_mqa,912,9.7815
kv_a_proj_with_mqa,928,9.8654
kv_a_proj_with_mqa,944,9.9493
kv_a_proj_with_mqa,960,10.0332
kv_a_proj_with_mqa,976,10.1171
kv_a_proj_with_mqa,992,10.2009
kv_a_proj_with_mqa,1008,10.2848
kv_a_proj_with_mqa,1024,10.3687
kv_a_proj_with_mqa,1040,10.4526
kv_a_proj_with_mqa,1056,10.5365
kv_a_proj_with_mqa,1072,10.6204
kv_a_proj_with_mqa,1088,10.7043
kv_a_proj_with_mqa,1104,10.7881
kv_a_proj_with_mqa,1120,10.8720
kv_a_proj_with_mqa,1136,10.9559
kv_a_proj_with_mqa,1152,11.0398
kv_a_proj_with_mqa,1168,11.1237
kv_a_proj_with_mqa,1184,11.2076
kv_a_proj_with_mqa,1200,11.2915
kv_a_proj_with_mqa,1216,11.3753
kv_a_proj_with_mqa,1232,11.4592
kv_a_proj_with_mqa,1248,11.5431
kv_a_proj_with_mqa,1264,11.6270
kv_a_proj_with_mqa,1280,11.7109
kv_a_proj_with_mqa,1296,11.7948
kv_a_proj_with_mqa,1312,11.8787
kv_a_proj_with_mqa,1328,11.9625
kv_a_proj_with_mqa,1344,12.0464
kv_a_proj_with_mqa,1360,12.1303
kv_a_proj_with_mqa,1376,12.2142
kv_a_proj_with_mqa,1392,12.2981
kv_a_proj_with_mqa,1408,12.3820
kv_a_proj_with_mqa,1424,12.4659
kv_a_proj_with_mqa,1440,12.5497
kv_a_proj_with_mqa,1456,12.6336
kv_a_proj_with_mqa,1472,12.7175
kv_a_proj_with_mqa,1488,12.8014
kv_a_proj_with_mqa,1504,12.8853
kv_a_proj_with_mqa,1520,12.9692
kv_a_proj_with_mqa,1536,13.0531
kv_a_proj_with_mqa,1552,13.1369
kv_a_proj_with_mqa,1568,13.2208
kv_a_proj_with_mqa,1584,13.3047
kv_a_proj_with_mqa,1600,13.3886
kv_a_proj_with_mqa,1616,13.4725
kv_a_proj_with_mqa,1632,13.5564
kv_a_proj_with_mqa,1648,13.6403
kv_a_proj_with_mqa,1664,13.7242
kv_a_proj_with_mqa,1680,13.8080
kv_a_proj_with_mqa,1696,13.8919
kv_a_proj_with_mqa,1712,13.9758
kv_a_proj_with_mqa,1728,14.0597
kv_a_proj_with_mqa,1744,14.1436
kv_a_proj_with_mqa,1760,14.2275
kv_a_proj_with_mqa,1776,14.3114
kv_a_proj_with_mqa,1792,14.3952
kv_a_proj_with_mqa,1808,14.4791
kv_a_proj_with_mqa,1824,14.5630
kv_a_proj_with_mqa,1840,14.6469
kv_a_proj_with_mqa,1856,14.7308
kv_a_proj_with_mqa,1872,14.8147
kv_a_proj_with_mqa,1888,14.8986
kv_a_proj_with_mqa,1904,14.9824
kv_a_proj_with_mqa,1920,15.0663
kv_a_proj_with_mqa,1936,15.1502
kv_a_proj_with_mqa,1952,15.2341
kv_a_proj_with_mqa,1968,15.3180
kv_a_proj_with_mqa,1984,15.4019
kv_a_proj_with_mqa,2000,15.4858
kv_a_proj_with_mqa,2016,15.5696
kv_a_proj_with_mqa,2032,15.6535
kv_a_proj_with_mqa,2048,15.7374
kv_a_layernorm,1,5.0003
kv_a_layernorm,2,5.0005
kv_a_layernorm,3,5.0008
kv_a_layernorm,4,5.0010
kv_a_layernorm,5,5.0013
kv_a_layernorm,6,5.0015
kv_a_layernorm,7,5.0018
kv_a_layernorm,8,5.0020
kv_a_layernorm,9,5.0023
kv_a_layernorm,10,5.0026
kv_a_layernorm,11,5.0028
kv_a_layernorm,12,5.0031
kv_a_layernorm,13,5.0033
kv_a_layernorm,14,5.0036
kv_a_layernorm,15,5.0038
kv_a_layernorm,16,5.0041
kv_a_layernorm,20,5.0051
kv_a_layernorm,24,5.0061
kv_a_layernorm,28,5.0072
kv_a_layernorm,32,5.0082
kv_a_layernorm,36,5.0092
kv_a_layernorm,40,5.0102
kv_a_layernorm,44,5.0113
kv_a_layernorm,48,5.0123
kv_a_layernorm,52,5.0133
kv_a_layernorm,56,5.0143
kv_a_layernorm,60,5.0154
kv_a_layernorm,64,5.0164
kv_a_layernorm,80,5.0205
kv_a_layernorm,96,5.0246
kv_a_layernorm,112,5.0287
kv_a_layernorm,128,5.0328
kv_a_layernorm,144,5.0369
kv_a_layernorm,160,5.0410
kv_a_layernorm,176,5.0451
kv_a_layernorm,192,5.0492
kv_a_layernorm,208,5.0532
kv_a_layernorm,224,5.0573
kv_a_layernorm,240,5.0614
kv_a_layernorm,256,5.0655
kv_a_layernorm,272,5.0696
kv_a_layernorm,288,5.0737
kv_a_layernorm,304,5.0778
kv_a_layernorm,320,5.0819
kv_a_layernorm,336,5.0860
kv_a_layernorm,352,5.0901
kv_a_layernorm,368,5.0942
kv_a_layernorm,384,5.0983
kv_a_layernorm,400,5.1024
kv_a_layernorm,416,5.1065
kv_a_layernorm,432,5.1106
kv_a_layernorm,448,5.1147
kv_a_layernorm,464,5.1188
kv_a_layernorm,480,5.1229
kv_a_layernorm,496,5.1270
kv_a_layernorm,512,5.1311
kv_a_layernorm,528,5.1352
kv_a_layernorm,544,5.1393
kv_a_layernorm,560,5.1434
kv_a_layernorm,576,5.1475
kv_a_layernorm,592,5.1516
kv_a_layernorm,608,5.1556
kv_a_layernorm,624,5.1597
kv_a_layernorm,640,5.1638
kv_a_layernorm,656,5.1679
kv_a_layernorm,672,5.1720
kv_a_layernorm,688,5.1761
kv_a_layernorm,704,5.1802
kv_a_layernorm,720,5.1843
kv_a_layernorm,736,5.1884
kv_a_layernorm,752,5.1925
kv_a_layernorm,768,5.1966
kv_a_layernorm,784,5.2007
kv_a_layernorm,800,5.2048
kv_a_layernorm,816,5.2089
kv_a_layernorm,832,5.2130
kv_a_layernorm,848,5.2171
kv_a_layernorm,864,5.2212
kv_a_layernorm,880,5.2253
kv_a_layernorm,896,5.2294
kv_a_layernorm,912,5.2335
kv_a_layernorm,928,5.2376
kv_a_layernorm,944,5.2417
kv_a_layernorm,960,5.2458
kv_a_layernorm,976,5.2499
kv_a_layernorm,992,5.2540
kv_a_layernorm,1008,5.2580
kv_a_layernorm,1024,5.2621
kv_a_layernorm,1040,5.2662
kv_a_layernorm,1056,5.2703
kv_a_layernorm,1072,5.2744
kv_a_layernorm,1088,5.2785
kv_a_layernorm,1104,5.2826
kv_a_layernorm,1120,5.2867
kv_a_layernorm,1136,5.2908
kv_a_layernorm,1152,5.2949
kv_a_layernorm,1168,5.2990
kv_a_layernorm,1184,5.3031
kv_a_layernorm,1200,5.3072
kv_a_layernorm,1216,5.3113
kv_a_layernorm,1232,5.3154
kv_a_layernorm,1248,5.3195
kv_a_layernorm,1264,5.3236
kv_a_layernorm,1280,5.3277
kv_a_layernorm,1296,5.3318
kv_a_layernorm,1312,5.3359
kv_a_layernorm,1328,5.3400
kv_a_layernorm,1344,5.3441
kv_a_layernorm,1360,5.3482
kv_a_layernorm,1376,5.3523
kv_a_layernorm,1392,5.3564
kv_a_layernorm,1408,5.3604
kv_a_layernorm,1424,5.3645
kv_a_layernorm,1440,5.3686
kv_a_layernorm,1456,5.3727
kv_a_layernorm,1472,5.3768
kv_a_layernorm,1488,5.3809
kv_a_layernorm,1504,5.3850
kv_a_layernorm,1520,5.3891
kv_a_layernorm,1536,5.3932
kv_a_layernorm,1552,5.3973
kv_a_layernorm,1568,5.4014
kv_a_layernorm,1584,5.4055
kv_a_layernorm,1600,5.4096
kv_a_layernorm,1616,5.4137
kv_a_layernorm,1632,5.4178
kv_a_layernorm,1648,5.4219
kv_a_layernorm,1664,5.4260
kv_a_layernorm,1680,5.4301
kv_a_layernorm,1696,5.4342
kv_a_layernorm,1712,5.4383
kv_a_layernorm,1728,5.4424
kv_a_layernorm,1744,5.4465
kv_a_layernorm,1760,5.4506
kv_a_layernorm,1776,5.4547
kv_a_layernorm,1792,5.4588
kv_a_layernorm,1808,5.4628
kv_a_layernorm,1824,5.4669
kv_a_layernorm,1840,5.4710
kv_a_layernorm,1856,5.4751
kv_a_layernorm,1872,5.4792
kv_a_layernorm,1888,5.4833
kv_a_layernorm,1904,5.4874
kv_a_layernorm,1920,5.4915
kv_a_layernorm,1936,5.4956
kv_a_layernorm,1952,5.4997
kv_a_layernorm,1968,5.5038
kv_a_layernorm,1984,5.5079
kv_a_layernorm,2000,5.5120
kv_a_layernorm,2016,5.5161
kv_a_layernorm,2032,5.5202
kv_a_layernorm,2048,5.5243
kv_b_proj,1,5.2628
kv_b_proj,2,5.2634
kv_b_proj,3,5.2641
kv_b_proj,4,5.2647
kv_b_proj,5,5.2653
kv_b_proj,6,5.2660
kv_b_proj,7,5.2666
kv_b_proj,8,5.2673
kv_b_proj,9,5.2679
kv_b_proj,10,5.2685
kv_b_proj,11,5.2692
kv_b_proj,12,5.2698
kv_b_proj,13,5.2705
kv_b_proj,14,5.2711
kv_b_proj,15,5.2717
kv_b_proj,16,5.2724
kv_b_proj,20,5.2749
kv_b_proj,24,5.2775
kv_b_proj,28,5.2801
kv_b_proj,32,5.2826
kv_b_proj,36,5.2852
kv_b_proj,40,5.2877
kv_b_proj,44,5.2903
kv_b_proj,48,5.2929
kv_b_proj,52,5.2954
kv_b_proj,56,5.2980
kv_b_proj,60,5.3005
kv_b_proj,64,5.3031
kv_b_proj,80,5.3133
kv_b_proj,96,5.3236
kv_b_proj,112,5.3338
kv_b_proj,128,5.3441
kv_b_proj,144,5.3543
kv_b_proj,160,5.3645
kv_b_proj,176,5.3748
kv_b_proj,192,5.3850
kv_b_proj,208,5.3953
kv_b_proj,224,5.4055
kv_b_proj,240,5.4157
kv_b_proj,256,5.4260
kv_b_proj,272,5.4362
kv_b_proj,288,5.4465
kv_b_proj,304,5.4567
kv_b_proj,320,5.4669
kv_b_proj,336,5.4772
kv_b_proj,352,5.4874
kv_b_proj,368,5.4977
kv_b_proj,384,5.5113
kv_b_proj,400,5.5326
kv_b_proj,416,5.5539
kv_b_proj,432,5.5752
kv_b_proj,448,5.5965
kv_b_proj,464,5.6178
kv_b_proj,480,5.6391
kv_b_proj,496,5.6604
kv_b_proj,512,5.6817
kv_b_proj,528,5.7030
kv_b_proj,544,5.7243
kv_b_proj,560,5.7457
kv_b_proj,576,5.7670
kv_b_proj,592,5.7883
kv_b_proj,608,5.8096
kv_b_proj,624,5.8309
kv_b_proj,640,5.8522
kv_b_proj,656,5.8735
kv_b_proj,672,5.8948
kv_b_proj,688,5.9161
kv_b_proj,704,5.9374
kv_b_proj,720,5.9587
kv_b_proj,736,5.9800
kv_b_proj,752,6.0013
kv_b_proj,768,6.0226
kv_b_proj,784,6.0439
kv_b_proj,800,6.0652
kv_b_proj,816,6.0865
kv_b_proj,832,6.1078
kv_b_proj,848,6.1291
kv_b_proj,864,6.1504
kv_b_proj,880,6.1717
kv_b_proj,896,6.1930
kv_b_proj,912,6.2144
kv_b_proj,928,6.2357
kv_b_proj,944,6.2570
kv_b_proj,960,6.2783
kv_b_proj,976,6.2996
kv_b_proj,992,6.3209
kv_b_proj,1008,6.3422
kv_b_proj,1024,6.3635
kv_b_proj,1040,6.3848
kv_b_proj,1056,6.4061
kv_b_proj,1072,6.4274
kv_b_proj,1088,6.4487
kv_b_proj,1104,6.4700
kv_b_proj,1120,6.4913
kv_b_proj,1136,6.5126
kv_b_proj,1152,6.5339
kv_b_proj,1168,6.5552
kv_b_proj,1184,6.5765
kv_b_proj,1200,6.5978
kv_b_proj,1216,6.6191
kv_b_proj,1232,6.6404
kv_b_proj,1248,6.6617
kv_b_proj,1264,6.6830
kv_b_proj,1280,6.7044
kv_b_proj,1296,6.7257
kv_b_proj,1312,6.7470
kv_b_proj,1328,6.7683
kv_b_proj,1344,6.7896
kv_b_proj,1360,6.8109
kv_b_proj,1376,6.8322
kv_b_proj,1392,6.8535
kv_b_proj,1408,6.8748
kv_b_proj,1424,6.8961
kv_b_proj,1440,6.9174
kv_b_proj,1456,6.9387
kv_b_proj,1472,6.9600
kv_b_proj,1488,6.9813
kv_b_proj,1504,7.0026
kv_b_proj,1520,7.0239
kv_b_proj,1536,7.0452
kv_b_proj,1552,7.0665
kv_b_proj,1568,7.0878
kv_b_proj,1584,7.1091
kv_b_proj,1600,7.1304
kv_b_proj,1616,7.1517
kv_b_proj,1632,7.1730
kv_b_proj,1648,7.1944
kv_b_proj,1664,7.2157
kv_b_proj,1680,7.2370
kv_b_proj,1696,7.2583
kv_b_proj,1712,7.2796
kv_b_proj,1728,7.3009
kv_b_proj,1744,7.3222
kv_b_proj,1760,7.3435
kv_b_proj,1776,7.3648
kv_b_proj,1792,7.3861
kv_b_proj,1808,7.4074
kv_b_proj,1824,7.4287
kv_b_proj,1840,7.4500
kv_b_proj,1856,7.4713
kv_b_proj,1872,7.4926
kv_b_proj,1888,7.5139
kv_b_proj,1904,7.5352
kv_b_proj,1920,7.5565
kv_b_proj,1936,7.5778
kv_b_proj,1952,7.5991
kv_b_proj,1968,7.6204
kv_b_proj,1984,7.6417
kv_b_proj,2000,7.6631
kv_b_proj,2016,7.6844
kv_b_proj,2032,7.7057
kv_b_proj,2048,7.7270
gate_up_proj,1,9.1311
gate_up_proj,2,9.1335
gate_up_proj,3,9.1359
gate_up_proj,4,9.1382
gate_up_proj,5,9.1406
gate_up_proj,6,9.1430
gate_up_proj,7,9.1453
gate_up_proj,8,9.1477
gate_up_proj,9,9.1501
gate_up_proj,10,9.1524
gate_up_proj,11,9.1548
gate_up_proj,12,9.1572
gate_up_proj,13,9.1596
gate_up_proj,14,9.1619
gate_up_proj,15,9.1643
gate_up_proj,16,9.1667
gate_up_proj,20,9.1761
gate_up_proj,24,9.1856
gate_up_proj,28,9.1951
gate_up_proj,32,9.2045
gate_up_proj,36,9.2140
gate_up_proj,40,9.2235
gate_up_proj,44,9.2330
gate_up_proj,48,9.2424
gate_up_proj,52,9.2519
gate_up_proj,56,9.2614
gate_up_proj,60,9.2708
gate_up_proj,64,9.2803
gate_up_proj,80,9.3182
gate_up_proj,96,9.3561
gate_up_proj,112,9.3940
gate_up_proj,128,9.4319
gate_up_proj,144,9.4698
gate_up_proj,160,9.5076
gate_up_proj,176,9.5455
gate_up_proj,192,9.5834
gate_up_proj,208,9.6213
gate_up_proj,224,9.6976
gate_up_proj,240,10.0332
gate_up_proj,256,10.3687
gate_up_proj,272,10.7043
gate_up_proj,288,11.0398
gate_up_proj,304,11.3753
gate_up_proj,320,11.7109
gate_up_proj,336,12.0464
gate_up_proj,352,12.3820
gate_up_proj,368,12.7175
gate_up_proj,384,13.0531
gate_up_proj,400,13.3886
gate_up_proj,416,13.7242
gate_up_proj,432,14.0597
gate_up_proj,448,14.3952
gate_up_proj,464,14.7308
gate_up_proj,480,15.0663
gate_up_proj,496,15.4019
gate_up_proj,512,15.7374
gate_up_proj,528,16.0730
gate_up_proj,544,16.4085
gate_up_proj,560,16.7441
gate_up_proj,576,17.0796
gate_up_proj,592,17.4151
gate_up_proj,608,17.7507
gate_up_proj,624,18.0862
gate_up_proj,640,18.4218
gate_up_proj,656,18.7573
gate_up_proj,672,19.0929
gate_up_proj,688,19.4284
gate_up_proj,704,19.7640
gate_up_proj,720,20.0995
gate_up_proj,736,20.4350
gate_up_proj,752,20.7706
gate_up_proj,768,21.1061
gate_up_proj,784,21.4417
gate_up_proj,800,21.7772
gate_up_proj,816,22.1128
gate_up_proj,832,22.4483
gate_up_proj,848,22.7838
gate_up_proj,864,23.1194
gate_up_proj,880,23.4549
gate_up_proj,896,23.7905
gate_up_proj,912,24.1260
gate_up_proj,928,24.4616
gate_up_proj,944,24.7971
gate_up_proj,960,25.1327
gate_up_proj,976,25.4682
gate_up_proj,992,25.8037
gate_up_proj,1008,26.1393
gate_up_proj,1024,26.4748
gate_up_proj,1040,26.8104
gate_up_proj,1056,27.1459
gate_up_proj,1072,27.4815
gate_up_proj,1088,27.8170
gate_up_proj,1104,28.1526
gate_up_proj,1120,28.4881
gate_up_proj,1136,28.8236
gate_up_proj,1152,29.1592
gate_up_proj,1168,29.4947
gate_up_proj,1184,29.8303
gate_up_proj,1200,30.1658
gate_up_proj,1216,30.5014
gate_up_proj,1232,30.8369
gate_up_proj,1248,31.1725
gate_up_proj,1264,31.5080
gate_up_proj,1280,31.8435
gate_up_proj,1296,32.1791
gate_up_proj,1312,32.5146
gate_up_proj,1328,32.8502
gate_up_proj,1344,33.1857
gate_up_proj,1360,33.5213
gate_up_proj,1376,33.8568
gate_up_proj,1392,34.1924
gate_up_proj,1408,34.5279
gate_up_proj,1424,34.8634
gate_up_proj,1440,35.1990
gate_up_proj,1456,35.5345
gate_up_proj,1472,35.8701
gate_up_proj,1488,36.2056
gate_up_proj,1504,36.5412
gate_up_proj,1520,36.8767
gate_up_proj,1536,37.2123
gate_up_proj,1552,37.5478
gate_up_proj,1568,37.8833
gate_up_proj,1584,38.2189
gate_up_proj,1600,38.5544
gate_up_proj,1616,38.8900
gate_up_proj,1632,39.2255
gate_up_proj,1648,39.5611
gate_up_proj,1664,39.8966
gate_up_proj,1680,40.2322
gate_up_proj,1696,40.5677
gate_up_proj,1712,40.9032
gate_up_proj,1728,41.2388
gate_up_proj,1744,41.5743
gate_up_proj,1760,41.9099
gate_up_proj,1776,42.2454
gate_up_proj,1792,42.5810
gate_up_proj,1808,42.9165
gate_up_proj,1824,43.2521
gate_up_proj,1840,43.5876
gate_up_proj,1856,43.9231
gate_up_proj,1872,44.2587
gate_up_proj,1888,44.5942
gate_up_proj,1904,44.9298
gate_up_proj,1920,45.2653
gate_up_proj,1936,45.6009
gate_up_proj,1952,45.9364
gate_up_proj,1968,46.2720
gate_up_proj,1984,46.6075
gate_up_proj,2000,46.9430
gate_up_proj,2016,47.2786
gate_up_proj,2032,47.6141
gate_up_proj,2048,47.9497
act_fn,1,5.0009
act_fn,2,5.0017
act_fn,3,5.0026
act_fn,4,5.0035
act_fn,5,5.0043
act_fn,6,5.0052
act_fn,7,5.0060
act_fn,8,5.0069
act_fn,9,5.0078
act_fn,10,5.0086
act_fn,11,5.0095
act_fn,12,5.0104
act_fn,13,5.0112
act_fn,14,5.0121
act_fn,15,5.0130
act_fn,16,5.0138
act_fn,20,5.0173
act_fn,24,5.0207
act_fn,28,5.0242
act_fn,32,5.0276
act_fn,36,5.0311
act_fn,40,5.0346
act_fn,44,5.0380
act_fn,48,5.0415
act_fn,52,5.0449
act_fn,56,5.0484
act_fn,60,5.0518
act_fn,64,5.0553
act_fn,80,5.0691
act_fn,96,5.0829
act_fn,112,5.0968
act_fn,128,5.1106
act_fn,144,5.1244
act_fn,160,5.1382
act_fn,176,5.1521
act_fn,192,5.1659
act_fn,208,5.1797
act_fn,224,5.1935
act_fn,240,5.2074
act_fn,256,5.2212
act_fn,272,5.2350
act_fn,288,5.2488
act_fn,304,5.2627
act_fn,320,5.2765
act_fn,336,5.2903
act_fn,352,5.3041
act_fn,368,5.3180
act_fn,384,5.3318
act_fn,400,5.3456
act_fn,416,5.3594
act_fn,432,5.3732
act_fn,448,5.3871
act_fn,464,5.4009
act_fn,480,5.4147
act_fn,496,5.4285
act_fn,512,5.4424
act_fn,528,5.4562
act_fn,544,5.4700
act_fn,560,5.4838
act_fn,576,5.4977
act_fn,592,5.5115
act_fn,608,5.5253
act_fn,624,5.5391
act_fn,640,5.5530
act_fn,656,5.5668
act_fn,672,5.5806
act_fn,688,5.5944
act_fn,704,5.6083
act_fn,720,5.6221
act_fn,736,5.6359
act_fn,752,5.6497
act_fn,768,5.6636
act_fn,784,5.6774
act_fn,800,5.6912
act_fn,816,5.7050
act_fn,832,5.7188
act_fn,848,5.7327
act_fn,864,5.7465
act_fn,880,5.7603
act_fn,896,5.7741
act_fn,912,5.7880
act_fn,928,5.8018
act_fn,944,5.8156
act_fn,960,5.8294
act_fn,976,5.8433
act_fn,992,5.8571
act_fn,1008,5.8709
act_fn,1024,5.8847
act_fn,1040,5.8986
act_fn,1056,5.9124
act_fn,1072,5.9262
act_fn,1088,5.9400
act_fn,1104,5.9539
act_fn,1120,5.9677
act_fn,1136,5.9815
act_fn,1152,5.9953
act_fn,1168,6.0092
act_fn,1184,6.0230
act_fn,1200,6.0368
act_fn,1216,6.0506
act_fn,1232,6.0644
act_fn,1248,6.0783
act_fn,1264,6.0921
act_fn,1280,6.1059
act_fn,1296,6.1197
act_fn,1312,6.1336
act_fn,1328,6.1474
act_fn,1344,6.1612
act_fn,1360,6.1750
act_fn,1376,6.1889
act_fn,1392,6.2027
act_fn,1408,6.2165
act_fn,1424,6.2303
act_fn,1440,6.2442
act_fn,1456,6.2580
act_fn,1472,6.2718
act_fn,1488,6.2856
act_fn,1504,6.2995
act_fn,1520,6.3133
act_fn,1536,6.3271
act_fn,1552,6.3409
act_fn,1568,6.3548
act_fn,1584,6.3686
act_fn,1600,6.3824
act_fn,1616,6.3962
act_fn,1632,6.4100
act_fn,1648,6.4239
act_fn,1664,6.4377
act_fn,1680,6.4515
act_fn,1696,6.4653
act_fn,1712,6.4792
act_fn,1728,6.4930
act_fn,1744,6.5068
act_fn,1760,6.5206
act_fn,1776,6.5345
act_fn,1792,6.5483
act_fn,1808,6.5621
act_fn,1824,6.5759
act_fn,1840,6.5898
act_fn,1856,6.6036
act_fn,1872,6.6174
act_fn,1888,6.6312
act_fn,1904,6.6451
act_fn,1920,6.6589
act_fn,1936,6.6727
act_fn,1952,6.6865
act_fn,1968,6.7004
act_fn,1984,6.7142
act_fn,2000,6.7280
act_fn,2016,6.7418
act_fn,2032,6.7556
act_fn,2048,6.7695
down_proj,1,7.0665
down_proj,2,7.0685
down_proj,3,7.0706
down_proj,4,7.0727
down_proj,5,7.0748
down_proj,6,7.0769
down_proj,7,7.0789
down_proj,8,7.0810
down_proj,9,7.0831
down_proj,10,7.0852
down_proj,11,7.0873
down_proj,12,7.0893
down_proj,13,7.0914
down_proj,14,7.0935
down_proj,15,7.0956
down_proj,16,7.0977
down_proj,20,7.1060
down_proj,24,7.1143
down_proj,28,7.1226
down_proj,32,7.1309
down_proj,36,7.1393
down_proj,40,7.1476
down_proj,44,7.1559
down_proj,48,7.1642
down_proj,52,7.1725
down_proj,56,7.1809
down_proj,60,7.1892
down_proj,64,7.1975
down_proj,80,7.2308
down_proj,96,7.2641
down_proj,112,7.2973
down_proj,128,7.3306
down_proj,144,7.3639
down_proj,160,7.3972
down_proj,176,7.4305
down_proj,192,7.4637
down_proj,208,7.4970
down_proj,224,7.5303
down_proj,240,7.5636
down_proj,256,7.6844
down_proj,272,7.8521
down_proj,288,8.0199
down_proj,304,8.1877
down_proj,320,8.3554
down_proj,336,8.5232
down_proj,352,8.6910
down_proj,368,8.8588
down_proj,384,9.0265
down_proj,400,9.1943
down_proj,416,9.3621
down_proj,432,9.5298
down_proj,448,9.6976
down_proj,464,9.8654
down_proj,480,10.0332
down_proj,496,10.2009
down_proj,512,10.3687
down_proj,528,10.5365
down_proj,544,10.7043
down_proj,560,10.8720
down_proj,576,11.0398
down_proj,592,11.2076
down_proj,608,11.3753
down_proj,624,11.5431
down_proj,640,11.7109
down_proj,656,11.8787
down_proj,672,12.0464
down_proj,688,12.2142
down_proj,704,12.3820
down_proj,720,12.5497
down_proj,736,12.7175
down_proj,752,12.8853
down_proj,768,13.0531
down_proj,784,13.2208
down_proj,800,13.3886
down_proj,816,13.5564
down_proj,832,13.7242
down_proj,848,13.8919
down_proj,864,14.0597
down_proj,880,14.2275
down_proj,896,14.3952
down_proj,912,14.5630
down_proj,928,14.7308
down_proj,944,14.8986
down_proj,960,15.0663
down_proj,976,15.2341
down_proj,992,15.4019
down_proj,1008,15.5696
down_proj,1024,15.7374
down_proj,1040,15.9052
down_proj,1056,16.0730
down_proj,1072,16.2407
down_proj,1088,16.4085
down_proj,1104,16.5763
down_proj,1120,16.7441
down_proj,1136,16.9118
down_proj,1152,17.0796
down_proj,1168,17.2474
down_proj,1184,17.4151
down_proj,1200,17.5829
down_proj,1216,17.7507
down_proj,1232,17.9185
down_proj,1248,18.0862
down_proj,1264,18.2540
down_proj,1280,18.4218
down_proj,1296,18.5895
down_proj,1312,18.7573
down_proj,1328,18.9251
down_proj,1344,19.0929
down_proj,1360,19.2606
down_proj,1376,19.4284
down_proj,1392,19.5962
down_proj,1408,19.7640
down_proj,1424,19.9317
down_proj,1440,20.0995
down_proj,1456,20.2673
down_proj,1472,20.4350
down_proj,1488,20.6028
down_proj,1504,20.7706
down_proj,1520,20.9384
down_proj,1536,21.1061
down_proj,1552,21.2739
down_proj,1568,21.4417
down_proj,1584,21.6094
down_proj,1600,21.7772
down_proj,1616,21.9450
down_proj,1632,22.1128
down_proj,1648,22.2805
down_proj,1664,22.4483
down_proj,1680,22.6161
down_proj,1696,22.7838
down_proj,1712,22.9516
down_proj,1728,23.1194
down_proj,1744,23.2872
down_proj,1760,23.4549
down_proj,1776,23.6227
down_proj,1792,23.7905
down_proj,1808,23.9583
down_proj,1824,24.1260
down_proj,1840,24.2938
down_proj,1856,24.4616
down_proj,1872,24.6293
down_proj,1888,24.7971
down_proj,1904,24.9649
down_proj,1920,25.1327
down_proj,1936,25.3004
down_proj,1952,25.4682
down_proj,1968,25.6360
down_proj,1984,25.8037
down_proj,2000,25.9715
down_proj,2016,26.1393
down_proj,2032,26.3071
down_proj,2048,26.4748
shared_gate_up_proj,1,5.4606
shared_gate_up_proj,2,5.4625
shared_gate_up_proj,3,5.4643
shared_gate_up_proj,4,5.4662
shared_gate_up_proj,5,5.4680
shared_gate_up_proj,6,5.4699
shared_gate_up_proj,7,5.4717
shared_gate_up_proj,8,5.4736
shared_gate_up_proj,9,5.4755
shared_gate_up_proj,10,5.4773
shared_gate_up_proj,11,5.4792
shared_gate_up_proj,12,5.4810
shared_gate_up_proj,13,5.4829
shared_gate_up_proj,14,5.4847
shared_gate_up_proj,15,5.4866
shared_gate_up_proj,16,5.4884
shared_gate_up_proj,20,5.4959
shared_gate_up_proj,24,5.5033
shared_gate_up_proj,28,5.5107
shared_gate_up_proj,32,5.5181
shared_gate_up_proj,36,5.5256
shared_gate_up_proj,40,5.5330
shared_gate_up_proj,44,5.5404
shared_gate_up_proj,48,5.5478
shared_gate_up_proj,52,5.5553
shared_gate_up_proj,56,5.5627
shared_gate_up_proj,60,5.5701
shared_gate_up_proj,64,5.5775
shared_gate_up_proj,80,5.6072
shared_gate_up_proj,96,5.6369
shared_gate_up_proj,112,5.6666
shared_gate_up_proj,128,5.6963
shared_gate_up_proj,144,5.7260
shared_gate_up_proj,160,5.7557
shared_gate_up_proj,176,5.7854
shared_gate_up_proj,192,5.8151
shared_gate_up_proj,208,5.8448
shared_gate_up_proj,224,5.8745
shared_gate_up_proj,240,5.9042
shared_gate_up_proj,256,5.9339
shared_gate_up_proj,272,5.9636
shared_gate_up_proj,288,5.9933
shared_gate_up_proj,304,6.0230
shared_gate_up_proj,320,6.0527
shared_gate_up_proj,336,6.0824
shared_gate_up_proj,352,6.1121
shared_gate_up_proj,368,6.1418
shared_gate_up_proj,384,6.1715
shared_gate_up_proj,400,6.2012
shared_gate_up_proj,416,6.2308
shared_gate_up_proj,432,6.2605
shared_gate_up_proj,448,6.2902
shared_gate_up_proj,464,6.3199
shared_gate_up_proj,480,6.3496
shared_gate_up_proj,496,6.3793
shared_gate_up_proj,512,6.4090
shared_gate_up_proj,528,6.4387
shared_gate_up_proj,544,6.4684
shared_gate_up_proj,560,6.4981
shared_gate_up_proj,576,6.5278
shared_gate_up_proj,592,6.5575
shared_gate_up_proj,608,6.5872
shared_gate_up_proj,624,6.6169
shared_gate_up_proj,640,6.6466
shared_gate_up_proj,656,6.6763
shared_gate_up_proj,672,6.7060
shared_gate_up_proj,688,6.7357
shared_gate_up_proj,704,6.7654
shared_gate_up_proj,720,6.7951
shared_gate_up_proj,736,6.8248
shared_gate_up_proj,752,6.8545
shared_gate_up_proj,768,6.8842
shared_gate_up_proj,784,6.9139
shared_gate_up_proj,800,6.9436
shared_gate_up_proj,816,6.9732
shared_gate_up_proj,832,7.0029
shared_gate_up_proj,848,7.0326
shared_gate_up_proj,864,7.0623
shared_gate_up_proj,880,7.0920
shared_gate_up_proj,896,7.1217
shared_gate_up_proj,912,7.1514
shared_gate_up_proj,928,7.1811
shared_gate_up_proj,944,7.2108
shared_gate_up_proj,960,7.2405
shared_gate_up_proj,976,7.2742
shared_gate_up_proj,992,7.3115
shared_gate_up_proj,1008,7.3488
shared_gate_up_proj,1024,7.3861
shared_gate_up_proj,1040,7.4234
shared_gate_up_proj,1056,7.4607
shared_gate_up_proj,1072,7.4979
shared_gate_up_proj,1088,7.5352
shared_gate_up_proj,1104,7.5725
shared_gate_up_proj,1120,7.6098
shared_gate_up_proj,1136,7.6471
shared_gate_up_proj,1152,7.6844
shared_gate_up_proj,1168,7.7216
shared_gate_up_proj,1184,7.7589
shared_gate_up_proj,1200,7.7962
shared_gate_up_proj,1216,7.8335
shared_gate_up_proj,1232,7.8708
shared_gate_up_proj,1248,7.9081
shared_gate_up_proj,1264,7.9453
shared_gate_up_proj,1280,7.9826
shared_gate_up_proj,1296,8.0199
shared_gate_up_proj,1312,8.0572
shared_gate_up_proj,1328,8.0945
shared_gate_up_proj,1344,8.1317
shared_gate_up_proj,1360,8.1690
shared_gate_up_proj,1376,8.2063
shared_gate_up_proj,1392,8.2436
shared_gate_up_proj,1408,8.2809
shared_gate_up_proj,1424,8.3182
shared_gate_up_proj,1440,8.3554
shared_gate_up_proj,1456,8.3927
shared_gate_up_proj,1472,8.4300
shared_gate_up_proj,1488,8.4673
shared_gate_up_proj,1504,8.5046
shared_gate_up_proj,1520,8.5419
shared_gate_up_proj,1536,8.5791
shared_gate_up_proj,1552,8.6164
shared_gate_up_proj,1568,8.6537
shared_gate_up_proj,1584,8.6910
shared_gate_up_proj,1600,8.7283
shared_gate_up_proj,1616,8.7656
shared_gate_up_proj,1632,8.8028
shared_gate_up_proj,1648,8.8401
shared_gate_up_proj,1664,8.8774
shared_gate_up_proj,1680,8.9147
shared_gate_up_proj,1696,8.9520
shared_gate_up_proj,1712,8.9892
shared_gate_up_proj,1728,9.0265
shared_gate_up_proj,1744,9.0638
shared_gate_up_proj,1760,9.1011
shared_gate_up_proj,1776,9.1384
shared_gate_up_proj,1792,9.1757
shared_gate_up_proj,1808,9.2129
shared_gate_up_proj,1824,9.2502
shared_gate_up_proj,1840,9.2875
shared_gate_up_proj,1856,9.3248
shared_gate_up_proj,1872,9.3621
shared_gate_up_proj,1888,9.3994
shared_gate_up_proj,1904,9.4366
shared_gate_up_proj,1920,9.4739
shared_gate_up_proj,1936,9.5112
shared_gate_up_proj,1952,9.5485
shared_gate_up_proj,1968,9.5858
shared_gate_up_proj,1984,9.6231
shared_gate_up_proj,2000,9.6603
shared_gate_up_proj,2016,9.6976
shared_gate_up_proj,2032,9.7349
shared_gate_up_proj,2048,9.7722
shared_act_fn,1,5.0001
shared_act_fn,2,5.0002
shared_act_fn,3,5.0003
shared_act_fn,4,5.0004
shared_act_fn,5,5.0005
shared_act_fn,6,5.0006
shared_act_fn,7,5.0007
shared_act_fn,8,5.0008
shared_act_fn,9,5.0009
shared_act_fn,10,5.0010
shared_act_fn,11,5.0011
shared_act_fn,12,5.0012
shared_act_fn,13,5.0012
shared_act_fn,14,5.0013
shared_act_fn,15,5.0014
shared_act_fn,16,5.0015
shared_act_fn,20,5.0019
shared_act_fn,24,5.0023
shared_act_fn,28,5.0027
shared_act_fn,32,5.0031
shared_act_fn,36,5.0035
shared_act_fn,40,5.0038
shared_act_fn,44,5.0042
shared_act_fn,48,5.0046
shared_act_fn,52,5.0050
shared_act_fn,56,5.0054
shared_act_fn,60,5.0058
shared_act_fn,64,5.0061
shared_act_fn,80,5.0077
shared_act_fn,96,5.0092
shared_act_fn,112,5.0108
shared_act_fn,128,5.0123
shared_act_fn,144,5.0138
shared_act_fn,160,5.0154
shared_act_fn,176,5.0169
shared_act_fn,192,5.0184
shared_act_fn,208,5.0200
shared_act_fn,224,5.0215
shared_act_fn,240,5.0230
shared_act_fn,256,5.0246
shared_act_fn,272,5.0261
shared_act_fn,288,5.0276
shared_act_fn,304,5.0292
shared_act_fn,320,5.0307
shared_act_fn,336,5.0323
shared_act_fn,352,5.0338
shared_act_fn,368,5.0353
shared_act_fn,384,5.0369
shared_act_fn,400,5.0384
shared_act_fn,416,5.0399
shared_act_fn,432,5.0415
shared_act_fn,448,5.0430
shared_act_fn,464,5.0445
shared_act_fn,480,5.0461
shared_act_fn,496,5.0476
shared_act_fn,512,5.0492
shared_act_fn,528,5.0507
shared_act_fn,544,5.0522
shared_act_fn,560,5.0538
shared_act_fn,576,5.0553
shared_act_fn,592,5.0568
shared_act_fn,608,5.0584
shared_act_fn,624,5.0599
shared_act_fn,640,5.0614
shared_act_fn,656,5.0630
shared_act_fn,672,5.0645
shared_act_fn,688,5.0660
shared_act_fn,704,5.0676
shared_act_fn,720,5.0691
shared_act_fn,736,5.0707
shared_act_fn,752,5.0722
shared_act_fn,768,5.0737
shared_act_fn,784,5.0753
shared_act_fn,800,5.0768
shared_act_fn,816,5.0783
shared_act_fn,832,5.0799
shared_act_fn,848,5.0814
shared_act_fn,864,5.0829
shared_act_fn,880,5.0845
shared_act_fn,896,5.0860
shared_act_fn,912,5.0876
shared_act_fn,928,5.0891
shared_act_fn,944,5.0906
shared_act_fn,960,5.0922
shared_act_fn,976,5.0937
shared_act_fn,992,5.0952
shared_act_fn,1008,5.0968
shared_act_fn,1024,5.0983
shared_act_fn,1040,5.0998
shared_act_fn,1056,5.1014
shared_act_fn,1072,5.1029
shared_act_fn,1088,5.1044
shared_act_fn,1104,5.1060
shared_act_fn,1120,5.1075
shared_act_fn,1136,5.1091
shared_act_fn,1152,5.1106
shared_act_fn,1168,5.1121
shared_act_fn,1184,5.1137
shared_act_fn,1200,5.1152
shared_act_fn,1216,5.1167
shared_act_fn,1232,5.1183
shared_act_fn,1248,5.1198
shared_act_fn,1264,5.1213
shared_act_fn,1280,5.1229
shared_act_fn,1296,5.1244
shared_act_fn,1312,5.1260
shared_act_fn,1328,5.1275
shared_act_fn,1344,5.1290
shared_act_fn,1360,5.1306
shared_act_fn,1376,5.1321
shared_act_fn,1392,5.1336
shared_act_fn,1408,5.1352
shared_act_fn,1424,5.1367
shared_act_fn,1440,5.1382
shared_act_fn,1456,5.1398
shared_act_fn,1472,5.1413
shared_act_fn,1488,5.1428
shared_act_fn,1504,5.1444
shared_act_fn,1520,5.1459
shared_act_fn,1536,5.1475
shared_act_fn,1552,5.1490
shared_act_fn,1568,5.1505
shared_act_fn,1584,5.1521
shared_act_fn,1600,5.1536
shared_act_fn,1616,5.1551
shared_act_fn,1632,5.1567
shared_act_fn,1648,5.1582
shared_act_fn,1664,5.1597
shared_act_fn,1680,5.1613
shared_act_fn,1696,5.1628
shared_act_fn,1712,5.1644
shared_act_fn,1728,5.1659
shared_act_fn,1744,5.1674
shared_act_fn,1760,5.1690
shared_act_fn,1776,5.1705
shared_act_fn,1792,5.1720
shared_act_fn,1808,5.1736
shared_act_fn,1824,5.1751
shared_act_fn,1840,5.1766
shared_act_fn,1856,5.1782
shared_act_fn,1872,5.1797
shared_act_fn,1888,5.1812
shared_act_fn,1904,5.1828
shared_act_fn,1920,5.1843
shared_act_fn,1936,5.1859
shared_act_fn,1952,5.1874
shared_act_fn,1968,5.1889
shared_act_fn,1984,5.1905
shared_act_fn,2000,5.1920
shared_act_fn,2016,5.1935
shared_act_fn,2032,5.1951
shared_act_fn,2048,5.1966
shared_down_proj,1,5.2312
shared_down_proj,2,5.2330
shared_down_proj,3,5.2348
shared_down_proj,4,5.2367
shared_down_proj,5,5.2385
shared_down_proj,6,5.2403
shared_down_proj,7,5.2421
shared_down_proj,8,5.2440
shared_down_proj,9,5.2458
shared_down_proj,10,5.2476
shared_down_proj,11,5.2494
shared_down_proj,12,5.2513
shared_down_proj,13,5.2531
shared_down_proj,14,5.2549
shared_down_proj,15,5.2567
shared_down_proj,16,5.2586
shared_down_proj,20,5.2659
shared_down_proj,24,5.2732
shared_down_proj,28,5.2804
shared_down_proj,32,5.2877
shared_down_proj,36,5.2950
shared_down_proj,40,5.3023
shared_down_proj,44,5.3096
shared_down_proj,48,5.3169
shared_down_proj,52,5.3242
shared_down_proj,56,5.3315
shared_down_proj,60,5.3388
shared_down_proj,64,5.3461
shared_down_proj,80,5.3753
shared_down_proj,96,5.4045
shared_down_proj,112,5.4337
shared_down_proj,128,5.4628
shared_down_proj,144,5.4920
shared_down_proj,160,5.5212
shared_down_proj,176,5.5504
shared_down_proj,192,5.5796
shared_down_proj,208,5.6088
shared_down_proj,224,5.6380
shared_down_proj,240,5.6671
shared_down_proj,256,5.6963
shared_down_proj,272,5.7255
shared_down_proj,288,5.7547
shared_down_proj,304,5.7839
shared_down_proj,320,5.8131
shared_down_proj,336,5.8422
shared_down_proj,352,5.8714
shared_down_proj,368,5.9006
shared_down_proj,384,5.9298
shared_down_proj,400,5.9590
shared_down_proj,416,5.9882
shared_down_proj,432,6.0173
shared_down_proj,448,6.0465
shared_down_proj,464,6.0757
shared_down_proj,480,6.1049
shared_down_proj,496,6.1341
shared_down_proj,512,6.1633
shared_down_proj,528,6.1924
shared_down_proj,544,6.2216
shared_down_proj,560,6.2508
shared_down_proj,576,6.2800
shared_down_proj,592,6.3092
shared_down_proj,608,6.3384
shared_down_proj,624,6.3676
shared_down_proj,640,6.3967
shared_down_proj,656,6.4259
shared_down_proj,672,6.4551
shared_down_proj,688,6.4843
shared_down_proj,704,6.5135
shared_down_proj,720,6.5427
shared_down_proj,736,6.5718
shared_down_proj,752,6.6010
shared_down_proj,768,6.6302
shared_down_proj,784,6.6594
shared_down_proj,800,6.6886
shared_down_proj,816,6.7178
shared_down_proj,832,6.7469
shared_down_proj,848,6.7761
shared_down_proj,864,6.8053
shared_down_proj,880,6.8345
shared_down_proj,896,6.8637
shared_down_proj,912,6.8929
shared_down_proj,928,6.9220
shared_down_proj,944,6.9512
shared_down_proj,960,6.9804
shared_down_proj,976,7.0096
shared_down_proj,992,7.0388
shared_down_proj,1008,7.0680
shared_down_proj,1024,7.0972
shared_down_proj,1040,7.1263
shared_down_proj,1056,7.1555
shared_down_proj,1072,7.1847
shared_down_proj,1088,7.2139
shared_down_proj,1104,7.2431
shared_down_proj,1120,7.2723
shared_down_proj,1136,7.3014
shared_down_proj,1152,7.3306
shared_down_proj,1168,7.3598
shared_down_proj,1184,7.3890
shared_down_proj,1200,7.4182
shared_down_proj,1216,7.4474
shared_down_proj,1232,7.4765
shared_down_proj,1248,7.5057
shared_down_proj,1264,7.5349
shared_down_proj,1280,7.5641
shared_down_proj,1296,7.5933
shared_down_proj,1312,7.6225
shared_down_proj,1328,7.6516
shared_down_proj,1344,7.6808
shared_down_proj,1360,7.7100
shared_down_proj,1376,7.7392
shared_down_proj,1392,7.7684
shared_down_proj,1408,7.7976
shared_down_proj,1424,7.8268
shared_down_proj,1440,7.8559
shared_down_proj,1456,7.8851
shared_down_proj,1472,7.9143
shared_down_proj,1488,7.9435
shared_down_proj,1504,7.9727
shared_down_proj,1520,8.0019
shared_down_proj,1536,8.0310
shared_down_proj,1552,8.0602
shared_down_proj,1568,8.0894
shared_down_proj,1584,8.1186
shared_down_proj,1600,8.1478
shared_down_proj,1616,8.1770
shared_down_proj,1632,8.2061
shared_down_proj,1648,8.2353
shared_down_proj,1664,8.2645
shared_down_proj,1680,8.2937
shared_down_proj,1696,8.3229
shared_down_proj,1712,8.3521
shared_down_proj,1728,8.3812
shared_down_proj,1744,8.4104
shared_down_proj,1760,8.4396
shared_down_proj,1776,8.4688
shared_down_proj,1792,8.4980
shared_down_proj,1808,8.5272
shared_down_proj,1824,8.5564
shared_down_proj,1840,8.5855
shared_down_proj,1856,8.6147
shared_down_proj,1872,8.6439
shared_down_proj,1888,8.6731
shared_down_proj,1904,8.7023
shared_down_proj,1920,8.7315
shared_down_proj,1936,8.7606
shared_down_proj,1952,8.7898
shared_down_proj,1968,8.8190
shared_down_proj,1984,8.8482
shared_down_proj,2000,8.8774
shared_down_proj,2016,8.9066
shared_down_proj,2032,8.9357
shared_down_proj,2048,8.9649
